2171ae18-6f11-46f4-94ae-ea2f229934a0, 0, Orlo, Roberts, Orlo_Roberts9@hotmail.com, /posts/<post_id>/comments, 501
f47f37c5-25fa-4fe2-95ef-12cf5b0514c5, 1, Marsha, Denesik, Marsha.Denesik40@yahoo.com, /posts/<post_id>/comments/<comments_id>/likes, 201
db8f8252-9490-4f01-90e5-6dd7c9ae58bf, 2, Blaise, Jacobson, Blaise_Jacobson18@yahoo.com, /posts/<post_id>, 426
e0602759-b046-41ef-8077-71c5a32e02ec, 3, Foster, Stanton, Foster_Stanton73@hotmail.com, /auth/register, 205
e1e46319-378b-42a3-a899-19f0b6208156, 4, Rene, Ankunding-Kunde, Rene_Ankunding-Kunde@yahoo.com, /posts, 506
0a52607f-be6b-4a36-83a0-617827cae655, 5, Layne, Reichel, Layne.Reichel@gmail.com, /posts/<post_id>/comments/<comments_id>/likes, 501
80140e1b-65ae-4f54-a66c-6576c4014776, 6, Phillip, Klocko, Phillip_Klocko73@gmail.com, /auth/login, 507
a890fdac-25db-4a2b-946d-358e6854f075, 7, Kendall, Johnston, Kendall_Johnston@yahoo.com, /posts/<post_id>/comments/<comments_id>, 203
a87fb527-cc59-4151-bcc4-d7e6a0613eda, 8, Candida, Schoen, Candida_Schoen41@yahoo.com, /posts/<post_id>/likes, 508
5738c297-ac14-4d49-baed-fe9b5012e7ed, 9, Orrin, Schuster, Orrin.Schuster40@yahoo.com, /posts/<post_id>/comments/<comments_id>/likes, 411
99688ac6-5495-4730-af90-e7575a6cbc7b, 10, Patti, Krajcik, Patti_Krajcik24@yahoo.com, /posts/<post_id>/comments/<comments_id>, 508
a87fb527-cc59-4151-bcc4-d7e6a0613eda, 11, Candida, Schoen, Candida_Schoen41@yahoo.com, /auth/register, 204
f47f37c5-25fa-4fe2-95ef-12cf5b0514c5, 12, Marsha, Denesik, Marsha.Denesik40@yahoo.com, /posts/<post_id>/comments, 501
a0271f48-e8af-4cab-976c-06d4540dca6c, 13, Aurelia, Fay, Aurelia_Fay9@hotmail.com, /posts/<post_id>/likes, 415
073e1a2f-837f-4d90-abfb-a2fd70d8bed7, 14, Antoinette, McKenzie, Antoinette_McKenzie96@gmail.com, /auth/register, 205
3452e7df-bba4-4ad1-997f-0cbf0e90d494, 15, Cleora, Blanda-Stokes, Cleora.Blanda-Stokes@hotmail.com, /posts/<post_id>/comments/<comments_id>, 202
f47f37c5-25fa-4fe2-95ef-12cf5b0514c5, 16, Marsha, Denesik, Marsha.Denesik40@yahoo.com, /posts/<post_id>/comments/<comments_id>, 411
2171ae18-6f11-46f4-94ae-ea2f229934a0, 17, Orlo, Roberts, Orlo_Roberts9@hotmail.com, /posts, 406
ec5a11fd-a366-49b2-931f-260631117965, 18, James, Langworth, James.Langworth23@hotmail.com, /posts/<post_id>/comments/<comments_id>, 506
98e607ca-a735-4f0d-a0df-0ac44cec0426, 19, Sid, Pfeffer, Sid_Pfeffer3@gmail.com, /posts/<post_id>, 503
8beb6076-fecd-4b33-8240-36a3f69be39b, 20, Henry, Oberbrunner, Henry.Oberbrunner12@yahoo.com, /auth/register, 422
b9abeafc-cbda-4e23-8381-aa590da676fa, 21, Bart, Treutel, Bart.Treutel@gmail.com, /posts/<post_id>/comments/<comments_id>/likes, 405
9d3e7469-eae6-45b1-8266-c3d8acfe15a2, 22, Carole, Armstrong, Carole.Armstrong95@hotmail.com, /posts, 500
e1e46319-378b-42a3-a899-19f0b6208156, 23, Rene, Ankunding-Kunde, Rene_Ankunding-Kunde@yahoo.com, /posts/<post_id>/comments/<comments_id>, 502
d286fc89-786a-4e87-a334-e7456e4612ee, 24, Mikayla, Hoppe, Mikayla_Hoppe@hotmail.com, /posts, 207
78f0a7e4-f586-4075-b2c6-5942785ad5ea, 25, Chaim, Cartwright, Chaim.Cartwright1@hotmail.com, /posts/<post_id>/comments, 412
073e1a2f-837f-4d90-abfb-a2fd70d8bed7, 26, Antoinette, McKenzie, Antoinette_McKenzie96@gmail.com, /posts/<post_id>, 417
db8f8252-9490-4f01-90e5-6dd7c9ae58bf, 27, Blaise, Jacobson, Blaise_Jacobson18@yahoo.com, /posts/<post_id>/comments/<comments_id>/likes, 203
a0271f48-e8af-4cab-976c-06d4540dca6c, 28, Aurelia, Fay, Aurelia_Fay9@hotmail.com, /posts/<post_id>, 407
073e1a2f-837f-4d90-abfb-a2fd70d8bed7, 29, Antoinette, McKenzie, Antoinette_McKenzie96@gmail.com, /posts/<post_id>/comments/<comments_id>, 226
29acb79e-bb41-42b9-af0d-3739a98375ff, 30, Fannie, Treutel, Fannie.Treutel@yahoo.com, /posts/<post_id>/comments/<comments_id>/likes, 507
78f0a7e4-f586-4075-b2c6-5942785ad5ea, 31, Chaim, Cartwright, Chaim.Cartwright1@hotmail.com, /posts/<post_id>/comments/<comments_id>, 429
6b6d3043-17ad-4761-895c-4934610f7d76, 32, Ara, Greenfelder, Ara_Greenfelder@yahoo.com, /posts/<post_id>/comments/<comments_id>/likes, 503
2171ae18-6f11-46f4-94ae-ea2f229934a0, 33, Orlo, Roberts, Orlo_Roberts9@hotmail.com, /posts/<post_id>/comments/<comments_id>/likes, 500
a5772db0-c09d-4f71-87bb-22f8a53fca86, 34, Rodney, Grant, Rodney.Grant43@hotmail.com, /auth/login, 428
a5772db0-c09d-4f71-87bb-22f8a53fca86, 35, Rodney, Grant, Rodney.Grant43@hotmail.com, /posts, 511
073e1a2f-837f-4d90-abfb-a2fd70d8bed7, 36, Antoinette, McKenzie, Antoinette_McKenzie96@gmail.com, /auth/login, 202
d286fc89-786a-4e87-a334-e7456e4612ee, 37, Mikayla, Hoppe, Mikayla_Hoppe@hotmail.com, /auth/logout, 510
e1e46319-378b-42a3-a899-19f0b6208156, 38, Rene, Ankunding-Kunde, Rene_Ankunding-Kunde@yahoo.com, /auth/register, 507
5738c297-ac14-4d49-baed-fe9b5012e7ed, 39, Orrin, Schuster, Orrin.Schuster40@yahoo.com, /posts/<post_id>/likes, 207
f47f37c5-25fa-4fe2-95ef-12cf5b0514c5, 40, Marsha, Denesik, Marsha.Denesik40@yahoo.com, /posts/<post_id>/likes, 504
7a0a047d-d1d8-4a1f-9b7b-4b1187888181, 41, Caroline, Fadel, Caroline_Fadel@yahoo.com, /posts/<post_id>/comments, 508
a890fdac-25db-4a2b-946d-358e6854f075, 42, Kendall, Johnston, Kendall_Johnston@yahoo.com, /auth/login, 201
d286fc89-786a-4e87-a334-e7456e4612ee, 43, Mikayla, Hoppe, Mikayla_Hoppe@hotmail.com, /posts/<post_id>, 424
ec5a11fd-a366-49b2-931f-260631117965, 44, James, Langworth, James.Langworth23@hotmail.com, /posts/<post_id>/comments/<comments_id>/likes, 422
9d3e7469-eae6-45b1-8266-c3d8acfe15a2, 45, Carole, Armstrong, Carole.Armstrong95@hotmail.com, /posts/<post_id>, 505
ec5a11fd-a366-49b2-931f-260631117965, 46, James, Langworth, James.Langworth23@hotmail.com, /posts/<post_id>/likes, 425
7a0a047d-d1d8-4a1f-9b7b-4b1187888181, 47, Caroline, Fadel, Caroline_Fadel@yahoo.com, /posts/<post_id>, 500
1365d862-deeb-40f3-a7c1-76ad474d6ab7, 48, Rickie, Douglas, Rickie.Douglas@gmail.com, /auth/logout, 418
8beb6076-fecd-4b33-8240-36a3f69be39b, 49, Henry, Oberbrunner, Henry.Oberbrunner12@yahoo.com, /posts/<post_id>/likes, 204
78f0a7e4-f586-4075-b2c6-5942785ad5ea, 50, Chaim, Cartwright, Chaim.Cartwright1@hotmail.com, /posts/<post_id>, 506
8beb6076-fecd-4b33-8240-36a3f69be39b, 51, Henry, Oberbrunner, Henry.Oberbrunner12@yahoo.com, /posts/<post_id>/comments, 207
e0602759-b046-41ef-8077-71c5a32e02ec, 52, Foster, Stanton, Foster_Stanton73@hotmail.com, /posts/<post_id>/comments/<comments_id>, 208
f47f37c5-25fa-4fe2-95ef-12cf5b0514c5, 53, Marsha, Denesik, Marsha.Denesik40@yahoo.com, /auth/logout, 406
6b6d3043-17ad-4761-895c-4934610f7d76, 54, Ara, Greenfelder, Ara_Greenfelder@yahoo.com, /auth/login, 416
ec5a11fd-a366-49b2-931f-260631117965, 55, James, Langworth, James.Langworth23@hotmail.com, /posts, 206
03882e56-3dc2-4cbb-8f23-fe947e690b36, 56, Rocky, Bauch, Rocky.Bauch@gmail.com, /posts, 501
a87fb527-cc59-4151-bcc4-d7e6a0613eda, 57, Candida, Schoen, Candida_Schoen41@yahoo.com, /posts/<post_id>/comments/<comments_id>, 205
61b878f2-fc62-4217-b800-abf3ff9eaf46, 58, Charlie, Mills, Charlie.Mills@hotmail.com, /posts, 202
db8f8252-9490-4f01-90e5-6dd7c9ae58bf, 59, Blaise, Jacobson, Blaise_Jacobson18@yahoo.com, /posts/<post_id>/likes, 508
99688ac6-5495-4730-af90-e7575a6cbc7b, 60, Patti, Krajcik, Patti_Krajcik24@yahoo.com, /posts/<post_id>/comments, 506
78f0a7e4-f586-4075-b2c6-5942785ad5ea, 61, Chaim, Cartwright, Chaim.Cartwright1@hotmail.com, /auth/login, 451
ec5a11fd-a366-49b2-931f-260631117965, 62, James, Langworth, James.Langworth23@hotmail.com, /auth/login, 502
29acb79e-bb41-42b9-af0d-3739a98375ff, 63, Fannie, Treutel, Fannie.Treutel@yahoo.com, /auth/logout, 501
78f0a7e4-f586-4075-b2c6-5942785ad5ea, 64, Chaim, Cartwright, Chaim.Cartwright1@hotmail.com, /posts/<post_id>/likes, 510
3452e7df-bba4-4ad1-997f-0cbf0e90d494, 65, Cleora, Blanda-Stokes, Cleora.Blanda-Stokes@hotmail.com, /auth/logout, 506
8beb6076-fecd-4b33-8240-36a3f69be39b, 66, Henry, Oberbrunner, Henry.Oberbrunner12@yahoo.com, /auth/logout, 508
29acb79e-bb41-42b9-af0d-3739a98375ff, 67, Fannie, Treutel, Fannie.Treutel@yahoo.com, /posts/<post_id>, 208
98e607ca-a735-4f0d-a0df-0ac44cec0426, 68, Sid, Pfeffer, Sid_Pfeffer3@gmail.com, /auth/logout, 503
db8f8252-9490-4f01-90e5-6dd7c9ae58bf, 69, Blaise, Jacobson, Blaise_Jacobson18@yahoo.com, /auth/logout, 207
a87fb527-cc59-4151-bcc4-d7e6a0613eda, 70, Candida, Schoen, Candida_Schoen41@yahoo.com, /posts/<post_id>, 505
7a0a047d-d1d8-4a1f-9b7b-4b1187888181, 71, Caroline, Fadel, Caroline_Fadel@yahoo.com, /auth/logout, 204
61b878f2-fc62-4217-b800-abf3ff9eaf46, 72, Charlie, Mills, Charlie.Mills@hotmail.com, /posts/<post_id>/likes, 510
3452e7df-bba4-4ad1-997f-0cbf0e90d494, 73, Cleora, Blanda-Stokes, Cleora.Blanda-Stokes@hotmail.com, /auth/login, 201
61b878f2-fc62-4217-b800-abf3ff9eaf46, 74, Charlie, Mills, Charlie.Mills@hotmail.com, /auth/register, 206
a890fdac-25db-4a2b-946d-358e6854f075, 75, Kendall, Johnston, Kendall_Johnston@yahoo.com, /auth/logout, 507
2171ae18-6f11-46f4-94ae-ea2f229934a0, 76, Orlo, Roberts, Orlo_Roberts9@hotmail.com, /posts/<post_id>, 406
78f0a7e4-f586-4075-b2c6-5942785ad5ea, 77, Chaim, Cartwright, Chaim.Cartwright1@hotmail.com, /posts/<post_id>/comments/<comments_id>/likes, 408
ec5a11fd-a366-49b2-931f-260631117965, 78, James, Langworth, James.Langworth23@hotmail.com, /auth/logout, 204
29acb79e-bb41-42b9-af0d-3739a98375ff, 79, Fannie, Treutel, Fannie.Treutel@yahoo.com, /posts, 202
03882e56-3dc2-4cbb-8f23-fe947e690b36, 80, Rocky, Bauch, Rocky.Bauch@gmail.com, /posts/<post_id>/comments, 204
78f0a7e4-f586-4075-b2c6-5942785ad5ea, 81, Chaim, Cartwright, Chaim.Cartwright1@hotmail.com, /posts, 410
5738c297-ac14-4d49-baed-fe9b5012e7ed, 82, Orrin, Schuster, Orrin.Schuster40@yahoo.com, /posts, 500
98e607ca-a735-4f0d-a0df-0ac44cec0426, 83, Sid, Pfeffer, Sid_Pfeffer3@gmail.com, /posts/<post_id>/comments, 501
6b6d3043-17ad-4761-895c-4934610f7d76, 84, Ara, Greenfelder, Ara_Greenfelder@yahoo.com, /posts/<post_id>/likes, 414
03882e56-3dc2-4cbb-8f23-fe947e690b36, 85, Rocky, Bauch, Rocky.Bauch@gmail.com, /auth/register, 405
6b6d3043-17ad-4761-895c-4934610f7d76, 86, Ara, Greenfelder, Ara_Greenfelder@yahoo.com, /posts, 202
073e1a2f-837f-4d90-abfb-a2fd70d8bed7, 87, Antoinette, McKenzie, Antoinette_McKenzie96@gmail.com, /posts/<post_id>/likes, 413
0a52607f-be6b-4a36-83a0-617827cae655, 88, Layne, Reichel, Layne.Reichel@gmail.com, /posts/<post_id>/comments/<comments_id>, 501
b9abeafc-cbda-4e23-8381-aa590da676fa, 89, Bart, Treutel, Bart.Treutel@gmail.com, /posts, 403
073e1a2f-837f-4d90-abfb-a2fd70d8bed7, 90, Antoinette, McKenzie, Antoinette_McKenzie96@gmail.com, /auth/logout, 502
47ddb898-9381-457a-b774-72e685e09048, 91, Perry, Klocko, Perry.Klocko@yahoo.com, /auth/login, 501
a0271f48-e8af-4cab-976c-06d4540dca6c, 92, Aurelia, Fay, Aurelia_Fay9@hotmail.com, /posts/<post_id>/comments, 500
98e607ca-a735-4f0d-a0df-0ac44cec0426, 93, Sid, Pfeffer, Sid_Pfeffer3@gmail.com, /posts/<post_id>/comments/<comments_id>/likes, 501
a5772db0-c09d-4f71-87bb-22f8a53fca86, 94, Rodney, Grant, Rodney.Grant43@hotmail.com, /auth/register, 426
61b878f2-fc62-4217-b800-abf3ff9eaf46, 95, Charlie, Mills, Charlie.Mills@hotmail.com, /auth/logout, 504
03882e56-3dc2-4cbb-8f23-fe947e690b36, 96, Rocky, Bauch, Rocky.Bauch@gmail.com, /posts/<post_id>/likes, 408
0a52607f-be6b-4a36-83a0-617827cae655, 97, Layne, Reichel, Layne.Reichel@gmail.com, /posts/<post_id>/comments, 507
47ddb898-9381-457a-b774-72e685e09048, 98, Perry, Klocko, Perry.Klocko@yahoo.com, /posts/<post_id>/comments, 405
5738c297-ac14-4d49-baed-fe9b5012e7ed, 99, Orrin, Schuster, Orrin.Schuster40@yahoo.com, /posts/<post_id>, 201
29acb79e-bb41-42b9-af0d-3739a98375ff, 100, Fannie, Treutel, Fannie.Treutel@yahoo.com, /posts/<post_id>/likes, 506
3c8b858d-d793-44b8-ae3a-d48d955d4b04, 101, Jack, Stokes-Swift, Jack_Stokes-Swift26@gmail.com, /posts, 411
e0602759-b046-41ef-8077-71c5a32e02ec, 102, Foster, Stanton, Foster_Stanton73@hotmail.com, /auth/logout, 503
3452e7df-bba4-4ad1-997f-0cbf0e90d494, 103, Cleora, Blanda-Stokes, Cleora.Blanda-Stokes@hotmail.com, /posts/<post_id>/comments, 503
3c8b858d-d793-44b8-ae3a-d48d955d4b04, 104, Jack, Stokes-Swift, Jack_Stokes-Swift26@gmail.com, /posts/<post_id>/likes, 402
ec5a11fd-a366-49b2-931f-260631117965, 105, James, Langworth, James.Langworth23@hotmail.com, /posts/<post_id>/comments, 502
3452e7df-bba4-4ad1-997f-0cbf0e90d494, 106, Cleora, Blanda-Stokes, Cleora.Blanda-Stokes@hotmail.com, /posts/<post_id>, 510
47ddb898-9381-457a-b774-72e685e09048, 107, Perry, Klocko, Perry.Klocko@yahoo.com, /posts/<post_id>/likes, 204
a890fdac-25db-4a2b-946d-358e6854f075, 108, Kendall, Johnston, Kendall_Johnston@yahoo.com, /posts/<post_id>/comments, 208
e0602759-b046-41ef-8077-71c5a32e02ec, 109, Foster, Stanton, Foster_Stanton73@hotmail.com, /posts/<post_id>/comments, 511
f47f37c5-25fa-4fe2-95ef-12cf5b0514c5, 110, Marsha, Denesik, Marsha.Denesik40@yahoo.com, /posts, 407
a0271f48-e8af-4cab-976c-06d4540dca6c, 111, Aurelia, Fay, Aurelia_Fay9@hotmail.com, /auth/login, 428
98e607ca-a735-4f0d-a0df-0ac44cec0426, 112, Sid, Pfeffer, Sid_Pfeffer3@gmail.com, /posts/<post_id>/comments/<comments_id>, 508
61b878f2-fc62-4217-b800-abf3ff9eaf46, 113, Charlie, Mills, Charlie.Mills@hotmail.com, /posts/<post_id>/comments/<comments_id>/likes, 205
5738c297-ac14-4d49-baed-fe9b5012e7ed, 114, Orrin, Schuster, Orrin.Schuster40@yahoo.com, /auth/logout, 208
03882e56-3dc2-4cbb-8f23-fe947e690b36, 115, Rocky, Bauch, Rocky.Bauch@gmail.com, /posts/<post_id>, 510
78f0a7e4-f586-4075-b2c6-5942785ad5ea, 116, Chaim, Cartwright, Chaim.Cartwright1@hotmail.com, /auth/logout, 416
99688ac6-5495-4730-af90-e7575a6cbc7b, 117, Patti, Krajcik, Patti_Krajcik24@yahoo.com, /posts/<post_id>, 200
d286fc89-786a-4e87-a334-e7456e4612ee, 118, Mikayla, Hoppe, Mikayla_Hoppe@hotmail.com, /posts/<post_id>/comments/<comments_id>/likes, 203
78f0a7e4-f586-4075-b2c6-5942785ad5ea, 119, Chaim, Cartwright, Chaim.Cartwright1@hotmail.com, /auth/register, 226
99688ac6-5495-4730-af90-e7575a6cbc7b, 120, Patti, Krajcik, Patti_Krajcik24@yahoo.com, /auth/login, 202
2171ae18-6f11-46f4-94ae-ea2f229934a0, 121, Orlo, Roberts, Orlo_Roberts9@hotmail.com, /posts/<post_id>/likes, 424
a5772db0-c09d-4f71-87bb-22f8a53fca86, 122, Rodney, Grant, Rodney.Grant43@hotmail.com, /auth/logout, 201
61b878f2-fc62-4217-b800-abf3ff9eaf46, 123, Charlie, Mills, Charlie.Mills@hotmail.com, /posts/<post_id>/comments/<comments_id>, 206
db8f8252-9490-4f01-90e5-6dd7c9ae58bf, 124, Blaise, Jacobson, Blaise_Jacobson18@yahoo.com, /posts/<post_id>/comments, 408
80140e1b-65ae-4f54-a66c-6576c4014776, 125, Phillip, Klocko, Phillip_Klocko73@gmail.com, /auth/logout, 203
61b878f2-fc62-4217-b800-abf3ff9eaf46, 126, Charlie, Mills, Charlie.Mills@hotmail.com, /posts/<post_id>/comments, 204
e1e46319-378b-42a3-a899-19f0b6208156, 127, Rene, Ankunding-Kunde, Rene_Ankunding-Kunde@yahoo.com, /posts/<post_id>/likes, 415
e1e46319-378b-42a3-a899-19f0b6208156, 128, Rene, Ankunding-Kunde, Rene_Ankunding-Kunde@yahoo.com, /posts/<post_id>/comments, 504
7a0a047d-d1d8-4a1f-9b7b-4b1187888181, 129, Caroline, Fadel, Caroline_Fadel@yahoo.com, /auth/login, 510
98e607ca-a735-4f0d-a0df-0ac44cec0426, 130, Sid, Pfeffer, Sid_Pfeffer3@gmail.com, /auth/register, 500
e0602759-b046-41ef-8077-71c5a32e02ec, 131, Foster, Stanton, Foster_Stanton73@hotmail.com, /posts/<post_id>/comments/<comments_id>/likes, 203
b9abeafc-cbda-4e23-8381-aa590da676fa, 132, Bart, Treutel, Bart.Treutel@gmail.com, /posts/<post_id>/comments/<comments_id>, 511
0a52607f-be6b-4a36-83a0-617827cae655, 133, Layne, Reichel, Layne.Reichel@gmail.com, /posts/<post_id>, 451
a0271f48-e8af-4cab-976c-06d4540dca6c, 134, Aurelia, Fay, Aurelia_Fay9@hotmail.com, /auth/register, 400
3c8b858d-d793-44b8-ae3a-d48d955d4b04, 135, Jack, Stokes-Swift, Jack_Stokes-Swift26@gmail.com, /posts/<post_id>, 205
6b6d3043-17ad-4761-895c-4934610f7d76, 136, Ara, Greenfelder, Ara_Greenfelder@yahoo.com, /posts/<post_id>, 207
3452e7df-bba4-4ad1-997f-0cbf0e90d494, 137, Cleora, Blanda-Stokes, Cleora.Blanda-Stokes@hotmail.com, /posts, 504
073e1a2f-837f-4d90-abfb-a2fd70d8bed7, 138, Antoinette, McKenzie, Antoinette_McKenzie96@gmail.com, /posts/<post_id>/comments/<comments_id>/likes, 506
5738c297-ac14-4d49-baed-fe9b5012e7ed, 139, Orrin, Schuster, Orrin.Schuster40@yahoo.com, /auth/register, 508
1365d862-deeb-40f3-a7c1-76ad474d6ab7, 140, Rickie, Douglas, Rickie.Douglas@gmail.com, /auth/register, 208
3c8b858d-d793-44b8-ae3a-d48d955d4b04, 141, Jack, Stokes-Swift, Jack_Stokes-Swift26@gmail.com, /auth/logout, 207
99688ac6-5495-4730-af90-e7575a6cbc7b, 142, Patti, Krajcik, Patti_Krajcik24@yahoo.com, /auth/register, 424
29acb79e-bb41-42b9-af0d-3739a98375ff, 143, Fannie, Treutel, Fannie.Treutel@yahoo.com, /posts/<post_id>/comments/<comments_id>, 413
073e1a2f-837f-4d90-abfb-a2fd70d8bed7, 144, Antoinette, McKenzie, Antoinette_McKenzie96@gmail.com, /posts, 200
2171ae18-6f11-46f4-94ae-ea2f229934a0, 145, Orlo, Roberts, Orlo_Roberts9@hotmail.com, /auth/login, 207
03882e56-3dc2-4cbb-8f23-fe947e690b36, 146, Rocky, Bauch, Rocky.Bauch@gmail.com, /auth/logout, 506
ec5a11fd-a366-49b2-931f-260631117965, 147, James, Langworth, James.Langworth23@hotmail.com, /auth/register, 208
3452e7df-bba4-4ad1-997f-0cbf0e90d494, 148, Cleora, Blanda-Stokes, Cleora.Blanda-Stokes@hotmail.com, /auth/register, 426
a0271f48-e8af-4cab-976c-06d4540dca6c, 149, Aurelia, Fay, Aurelia_Fay9@hotmail.com, /posts/<post_id>/comments/<comments_id>, 201
b9abeafc-cbda-4e23-8381-aa590da676fa, 150, Bart, Treutel, Bart.Treutel@gmail.com, /posts/<post_id>/comments, 410
9d3e7469-eae6-45b1-8266-c3d8acfe15a2, 151, Carole, Armstrong, Carole.Armstrong95@hotmail.com, /posts/<post_id>/comments/<comments_id>, 202
29acb79e-bb41-42b9-af0d-3739a98375ff, 152, Fannie, Treutel, Fannie.Treutel@yahoo.com, /auth/register, 511
1365d862-deeb-40f3-a7c1-76ad474d6ab7, 153, Rickie, Douglas, Rickie.Douglas@gmail.com, /posts/<post_id>/comments/<comments_id>, 226
6b6d3043-17ad-4761-895c-4934610f7d76, 154, Ara, Greenfelder, Ara_Greenfelder@yahoo.com, /posts/<post_id>/comments/<comments_id>, 431
80140e1b-65ae-4f54-a66c-6576c4014776, 155, Phillip, Klocko, Phillip_Klocko73@gmail.com, /posts/<post_id>, 500
47ddb898-9381-457a-b774-72e685e09048, 156, Perry, Klocko, Perry.Klocko@yahoo.com, /posts, 508
a5772db0-c09d-4f71-87bb-22f8a53fca86, 157, Rodney, Grant, Rodney.Grant43@hotmail.com, /posts/<post_id>/likes, 421
a5772db0-c09d-4f71-87bb-22f8a53fca86, 158, Rodney, Grant, Rodney.Grant43@hotmail.com, /posts/<post_id>/comments/<comments_id>, 500
1365d862-deeb-40f3-a7c1-76ad474d6ab7, 159, Rickie, Douglas, Rickie.Douglas@gmail.com, /posts/<post_id>/comments/<comments_id>/likes, 506
a890fdac-25db-4a2b-946d-358e6854f075, 160, Kendall, Johnston, Kendall_Johnston@yahoo.com, /posts/<post_id>/likes, 208
d286fc89-786a-4e87-a334-e7456e4612ee, 161, Mikayla, Hoppe, Mikayla_Hoppe@hotmail.com, /posts/<post_id>/likes, 506
b9abeafc-cbda-4e23-8381-aa590da676fa, 162, Bart, Treutel, Bart.Treutel@gmail.com, /auth/register, 502
7a0a047d-d1d8-4a1f-9b7b-4b1187888181, 163, Caroline, Fadel, Caroline_Fadel@yahoo.com, /auth/register, 503
a890fdac-25db-4a2b-946d-358e6854f075, 164, Kendall, Johnston, Kendall_Johnston@yahoo.com, /posts/<post_id>/comments/<comments_id>/likes, 203
9d3e7469-eae6-45b1-8266-c3d8acfe15a2, 165, Carole, Armstrong, Carole.Armstrong95@hotmail.com, /auth/register, 204
61b878f2-fc62-4217-b800-abf3ff9eaf46, 166, Charlie, Mills, Charlie.Mills@hotmail.com, /posts/<post_id>, 503
47ddb898-9381-457a-b774-72e685e09048, 167, Perry, Klocko, Perry.Klocko@yahoo.com, /posts/<post_id>, 400
98e607ca-a735-4f0d-a0df-0ac44cec0426, 168, Sid, Pfeffer, Sid_Pfeffer3@gmail.com, /auth/login, 200
9d3e7469-eae6-45b1-8266-c3d8acfe15a2, 169, Carole, Armstrong, Carole.Armstrong95@hotmail.com, /posts/<post_id>/comments/<comments_id>/likes, 207
a890fdac-25db-4a2b-946d-358e6854f075, 170, Kendall, Johnston, Kendall_Johnston@yahoo.com, /posts/<post_id>, 203
b9abeafc-cbda-4e23-8381-aa590da676fa, 171, Bart, Treutel, Bart.Treutel@gmail.com, /auth/logout, 205
a87fb527-cc59-4151-bcc4-d7e6a0613eda, 172, Candida, Schoen, Candida_Schoen41@yahoo.com, /posts/<post_id>/comments, 414
9d3e7469-eae6-45b1-8266-c3d8acfe15a2, 173, Carole, Armstrong, Carole.Armstrong95@hotmail.com, /auth/logout, 407
a87fb527-cc59-4151-bcc4-d7e6a0613eda, 174, Candida, Schoen, Candida_Schoen41@yahoo.com, /posts, 511
d286fc89-786a-4e87-a334-e7456e4612ee, 175, Mikayla, Hoppe, Mikayla_Hoppe@hotmail.com, /auth/register, 504
e1e46319-378b-42a3-a899-19f0b6208156, 176, Rene, Ankunding-Kunde, Rene_Ankunding-Kunde@yahoo.com, /posts/<post_id>, 226
2171ae18-6f11-46f4-94ae-ea2f229934a0, 177, Orlo, Roberts, Orlo_Roberts9@hotmail.com, /auth/logout, 507
3c8b858d-d793-44b8-ae3a-d48d955d4b04, 178, Jack, Stokes-Swift, Jack_Stokes-Swift26@gmail.com, /auth/login, 405
a5772db0-c09d-4f71-87bb-22f8a53fca86, 179, Rodney, Grant, Rodney.Grant43@hotmail.com, /posts/<post_id>/comments, 501
b9abeafc-cbda-4e23-8381-aa590da676fa, 180, Bart, Treutel, Bart.Treutel@gmail.com, /auth/login, 510
80140e1b-65ae-4f54-a66c-6576c4014776, 181, Phillip, Klocko, Phillip_Klocko73@gmail.com, /posts, 410
a0271f48-e8af-4cab-976c-06d4540dca6c, 182, Aurelia, Fay, Aurelia_Fay9@hotmail.com, /posts/<post_id>/comments/<comments_id>/likes, 501
5738c297-ac14-4d49-baed-fe9b5012e7ed, 183, Orrin, Schuster, Orrin.Schuster40@yahoo.com, /posts/<post_id>/comments/<comments_id>, 206
29acb79e-bb41-42b9-af0d-3739a98375ff, 184, Fannie, Treutel, Fannie.Treutel@yahoo.com, /auth/login, 402
47ddb898-9381-457a-b774-72e685e09048, 185, Perry, Klocko, Perry.Klocko@yahoo.com, /auth/logout, 508
e0602759-b046-41ef-8077-71c5a32e02ec, 186, Foster, Stanton, Foster_Stanton73@hotmail.com, /posts, 205
3452e7df-bba4-4ad1-997f-0cbf0e90d494, 187, Cleora, Blanda-Stokes, Cleora.Blanda-Stokes@hotmail.com, /posts/<post_id>/comments/<comments_id>/likes, 412
e0602759-b046-41ef-8077-71c5a32e02ec, 188, Foster, Stanton, Foster_Stanton73@hotmail.com, /auth/login, 407
99688ac6-5495-4730-af90-e7575a6cbc7b, 189, Patti, Krajcik, Patti_Krajcik24@yahoo.com, /posts, 226
03882e56-3dc2-4cbb-8f23-fe947e690b36, 190, Rocky, Bauch, Rocky.Bauch@gmail.com, /posts/<post_id>/comments/<comments_id>/likes, 503
d286fc89-786a-4e87-a334-e7456e4612ee, 191, Mikayla, Hoppe, Mikayla_Hoppe@hotmail.com, /posts/<post_id>/comments/<comments_id>, 501
99688ac6-5495-4730-af90-e7575a6cbc7b, 192, Patti, Krajcik, Patti_Krajcik24@yahoo.com, /posts/<post_id>/likes, 510
3c8b858d-d793-44b8-ae3a-d48d955d4b04, 193, Jack, Stokes-Swift, Jack_Stokes-Swift26@gmail.com, /posts/<post_id>/comments/<comments_id>/likes, 426
f47f37c5-25fa-4fe2-95ef-12cf5b0514c5, 194, Marsha, Denesik, Marsha.Denesik40@yahoo.com, /auth/login, 451
29acb79e-bb41-42b9-af0d-3739a98375ff, 195, Fannie, Treutel, Fannie.Treutel@yahoo.com, /posts/<post_id>/comments, 200
3452e7df-bba4-4ad1-997f-0cbf0e90d494, 196, Cleora, Blanda-Stokes, Cleora.Blanda-Stokes@hotmail.com, /posts/<post_id>/likes, 208
99688ac6-5495-4730-af90-e7575a6cbc7b, 197, Patti, Krajcik, Patti_Krajcik24@yahoo.com, /auth/logout, 411
073e1a2f-837f-4d90-abfb-a2fd70d8bed7, 198, Antoinette, McKenzie, Antoinette_McKenzie96@gmail.com, /posts/<post_id>/comments, 203
f47f37c5-25fa-4fe2-95ef-12cf5b0514c5, 199, Marsha, Denesik, Marsha.Denesik40@yahoo.com, /auth/register, 413
5738c297-ac14-4d49-baed-fe9b5012e7ed, 200, Orrin, Schuster, Orrin.Schuster40@yahoo.com, /posts/<post_id>/comments, 208
3c8b858d-d793-44b8-ae3a-d48d955d4b04, 201, Jack, Stokes-Swift, Jack_Stokes-Swift26@gmail.com, /auth/register, 428
80140e1b-65ae-4f54-a66c-6576c4014776, 202, Phillip, Klocko, Phillip_Klocko73@gmail.com, /posts/<post_id>/comments/<comments_id>/likes, 203
e1e46319-378b-42a3-a899-19f0b6208156, 203, Rene, Ankunding-Kunde, Rene_Ankunding-Kunde@yahoo.com, /auth/login, 511
99688ac6-5495-4730-af90-e7575a6cbc7b, 204, Patti, Krajcik, Patti_Krajcik24@yahoo.com, /posts/<post_id>/comments/<comments_id>/likes, 205
a87fb527-cc59-4151-bcc4-d7e6a0613eda, 205, Candida, Schoen, Candida_Schoen41@yahoo.com, /auth/login, 226
b9abeafc-cbda-4e23-8381-aa590da676fa, 206, Bart, Treutel, Bart.Treutel@gmail.com, /posts/<post_id>/likes, 402
a87fb527-cc59-4151-bcc4-d7e6a0613eda, 207, Candida, Schoen, Candida_Schoen41@yahoo.com, /posts/<post_id>/comments/<comments_id>/likes, 226
7a0a047d-d1d8-4a1f-9b7b-4b1187888181, 208, Caroline, Fadel, Caroline_Fadel@yahoo.com, /posts, 506
8beb6076-fecd-4b33-8240-36a3f69be39b, 209, Henry, Oberbrunner, Henry.Oberbrunner12@yahoo.com, /posts, 202
80140e1b-65ae-4f54-a66c-6576c4014776, 210, Phillip, Klocko, Phillip_Klocko73@gmail.com, /posts/<post_id>/comments, 506
db8f8252-9490-4f01-90e5-6dd7c9ae58bf, 211, Blaise, Jacobson, Blaise_Jacobson18@yahoo.com, /auth/login, 500
ec5a11fd-a366-49b2-931f-260631117965, 212, James, Langworth, James.Langworth23@hotmail.com, /posts/<post_id>, 422
a5772db0-c09d-4f71-87bb-22f8a53fca86, 213, Rodney, Grant, Rodney.Grant43@hotmail.com, /posts/<post_id>/comments/<comments_id>/likes, 414
6b6d3043-17ad-4761-895c-4934610f7d76, 214, Ara, Greenfelder, Ara_Greenfelder@yahoo.com, /posts/<post_id>/comments, 402
03882e56-3dc2-4cbb-8f23-fe947e690b36, 215, Rocky, Bauch, Rocky.Bauch@gmail.com, /posts/<post_id>/comments/<comments_id>, 502
a87fb527-cc59-4151-bcc4-d7e6a0613eda, 216, Candida, Schoen, Candida_Schoen41@yahoo.com, /auth/logout, 200
80140e1b-65ae-4f54-a66c-6576c4014776, 217, Phillip, Klocko, Phillip_Klocko73@gmail.com, /auth/register, 413
5738c297-ac14-4d49-baed-fe9b5012e7ed, 218, Orrin, Schuster, Orrin.Schuster40@yahoo.com, /auth/login, 205
7a0a047d-d1d8-4a1f-9b7b-4b1187888181, 219, Caroline, Fadel, Caroline_Fadel@yahoo.com, /posts/<post_id>/comments/<comments_id>, 425
db8f8252-9490-4f01-90e5-6dd7c9ae58bf, 220, Blaise, Jacobson, Blaise_Jacobson18@yahoo.com, /posts, 414
3c8b858d-d793-44b8-ae3a-d48d955d4b04, 221, Jack, Stokes-Swift, Jack_Stokes-Swift26@gmail.com, /posts/<post_id>/comments, 500
9d3e7469-eae6-45b1-8266-c3d8acfe15a2, 222, Carole, Armstrong, Carole.Armstrong95@hotmail.com, /posts/<post_id>/likes, 423
7a0a047d-d1d8-4a1f-9b7b-4b1187888181, 223, Caroline, Fadel, Caroline_Fadel@yahoo.com, /posts/<post_id>/comments/<comments_id>/likes, 425
a0271f48-e8af-4cab-976c-06d4540dca6c, 224, Aurelia, Fay, Aurelia_Fay9@hotmail.com, /posts, 502
47ddb898-9381-457a-b774-72e685e09048, 225, Perry, Klocko, Perry.Klocko@yahoo.com, /posts/<post_id>/comments/<comments_id>, 204
80140e1b-65ae-4f54-a66c-6576c4014776, 226, Phillip, Klocko, Phillip_Klocko73@gmail.com, /posts/<post_id>/likes, 500
b9abeafc-cbda-4e23-8381-aa590da676fa, 227, Bart, Treutel, Bart.Treutel@gmail.com, /posts/<post_id>, 206
2171ae18-6f11-46f4-94ae-ea2f229934a0, 228, Orlo, Roberts, Orlo_Roberts9@hotmail.com, /auth/register, 508
6b6d3043-17ad-4761-895c-4934610f7d76, 229, Ara, Greenfelder, Ara_Greenfelder@yahoo.com, /auth/register, 226
0a52607f-be6b-4a36-83a0-617827cae655, 230, Layne, Reichel, Layne.Reichel@gmail.com, /auth/login, 422
a0271f48-e8af-4cab-976c-06d4540dca6c, 231, Aurelia, Fay, Aurelia_Fay9@hotmail.com, /auth/logout, 409
0a52607f-be6b-4a36-83a0-617827cae655, 232, Layne, Reichel, Layne.Reichel@gmail.com, /posts, 202
a890fdac-25db-4a2b-946d-358e6854f075, 233, Kendall, Johnston, Kendall_Johnston@yahoo.com, /posts, 202
1365d862-deeb-40f3-a7c1-76ad474d6ab7, 234, Rickie, Douglas, Rickie.Douglas@gmail.com, /posts/<post_id>/likes, 425
db8f8252-9490-4f01-90e5-6dd7c9ae58bf, 235, Blaise, Jacobson, Blaise_Jacobson18@yahoo.com, /posts/<post_id>/comments/<comments_id>, 511
f47f37c5-25fa-4fe2-95ef-12cf5b0514c5, 236, Marsha, Denesik, Marsha.Denesik40@yahoo.com, /posts/<post_id>, 500
47ddb898-9381-457a-b774-72e685e09048, 237, Perry, Klocko, Perry.Klocko@yahoo.com, /auth/register, 504
6b6d3043-17ad-4761-895c-4934610f7d76, 238, Ara, Greenfelder, Ara_Greenfelder@yahoo.com, /auth/logout, 506
e1e46319-378b-42a3-a899-19f0b6208156, 239, Rene, Ankunding-Kunde, Rene_Ankunding-Kunde@yahoo.com, /auth/logout, 502
1365d862-deeb-40f3-a7c1-76ad474d6ab7, 240, Rickie, Douglas, Rickie.Douglas@gmail.com, /posts, 415
7a0a047d-d1d8-4a1f-9b7b-4b1187888181, 241, Caroline, Fadel, Caroline_Fadel@yahoo.com, /posts/<post_id>/likes, 201
03882e56-3dc2-4cbb-8f23-fe947e690b36, 242, Rocky, Bauch, Rocky.Bauch@gmail.com, /auth/login, 502
a5772db0-c09d-4f71-87bb-22f8a53fca86, 243, Rodney, Grant, Rodney.Grant43@hotmail.com, /posts/<post_id>, 423
d286fc89-786a-4e87-a334-e7456e4612ee, 244, Mikayla, Hoppe, Mikayla_Hoppe@hotmail.com, /auth/login, 207
8beb6076-fecd-4b33-8240-36a3f69be39b, 245, Henry, Oberbrunner, Henry.Oberbrunner12@yahoo.com, /posts/<post_id>/comments/<comments_id>/likes, 400
8beb6076-fecd-4b33-8240-36a3f69be39b, 246, Henry, Oberbrunner, Henry.Oberbrunner12@yahoo.com, /auth/login, 451
80140e1b-65ae-4f54-a66c-6576c4014776, 247, Phillip, Klocko, Phillip_Klocko73@gmail.com, /posts/<post_id>/comments/<comments_id>, 402
8beb6076-fecd-4b33-8240-36a3f69be39b, 248, Henry, Oberbrunner, Henry.Oberbrunner12@yahoo.com, /posts/<post_id>, 505
98e607ca-a735-4f0d-a0df-0ac44cec0426, 249, Sid, Pfeffer, Sid_Pfeffer3@gmail.com, /posts/<post_id>/likes, 415
db8f8252-9490-4f01-90e5-6dd7c9ae58bf, 250, Blaise, Jacobson, Blaise_Jacobson18@yahoo.com, /auth/register, 406
0a52607f-be6b-4a36-83a0-617827cae655, 251, Layne, Reichel, Layne.Reichel@gmail.com, /auth/register, 505
98e607ca-a735-4f0d-a0df-0ac44cec0426, 252, Sid, Pfeffer, Sid_Pfeffer3@gmail.com, /posts, 507
0a52607f-be6b-4a36-83a0-617827cae655, 253, Layne, Reichel, Layne.Reichel@gmail.com, /posts/<post_id>/likes, 508
3c8b858d-d793-44b8-ae3a-d48d955d4b04, 254, Jack, Stokes-Swift, Jack_Stokes-Swift26@gmail.com, /posts/<post_id>/comments/<comments_id>, 202
61b878f2-fc62-4217-b800-abf3ff9eaf46, 255, Charlie, Mills, Charlie.Mills@hotmail.com, /auth/login, 504
a890fdac-25db-4a2b-946d-358e6854f075, 256, Kendall, Johnston, Kendall_Johnston@yahoo.com, /auth/register, 431
9d3e7469-eae6-45b1-8266-c3d8acfe15a2, 257, Carole, Armstrong, Carole.Armstrong95@hotmail.com, /auth/login, 203
8beb6076-fecd-4b33-8240-36a3f69be39b, 258, Henry, Oberbrunner, Henry.Oberbrunner12@yahoo.com, /posts/<post_id>/comments/<comments_id>, 502
47ddb898-9381-457a-b774-72e685e09048, 259, Perry, Klocko, Perry.Klocko@yahoo.com, /posts/<post_id>/comments/<comments_id>/likes, 508
2171ae18-6f11-46f4-94ae-ea2f229934a0, 260, Orlo, Roberts, Orlo_Roberts9@hotmail.com, /posts/<post_id>/comments/<comments_id>, 401
9d3e7469-eae6-45b1-8266-c3d8acfe15a2, 261, Carole, Armstrong, Carole.Armstrong95@hotmail.com, /posts/<post_id>/comments, 503
e0602759-b046-41ef-8077-71c5a32e02ec, 262, Foster, Stanton, Foster_Stanton73@hotmail.com, /posts/<post_id>/likes, 508
1365d862-deeb-40f3-a7c1-76ad474d6ab7, 263, Rickie, Douglas, Rickie.Douglas@gmail.com, /posts/<post_id>/comments, 506
e1e46319-378b-42a3-a899-19f0b6208156, 264, Rene, Ankunding-Kunde, Rene_Ankunding-Kunde@yahoo.com, /posts/<post_id>/comments/<comments_id>/likes, 202
d286fc89-786a-4e87-a334-e7456e4612ee, 265, Mikayla, Hoppe, Mikayla_Hoppe@hotmail.com, /posts/<post_id>/comments, 206
e0602759-b046-41ef-8077-71c5a32e02ec, 266, Foster, Stanton, Foster_Stanton73@hotmail.com, /posts/<post_id>, 204
1365d862-deeb-40f3-a7c1-76ad474d6ab7, 267, Rickie, Douglas, Rickie.Douglas@gmail.com, /posts/<post_id>, 405
0a52607f-be6b-4a36-83a0-617827cae655, 268, Layne, Reichel, Layne.Reichel@gmail.com, /auth/logout, 418
1365d862-deeb-40f3-a7c1-76ad474d6ab7, 269, Rickie, Douglas, Rickie.Douglas@gmail.com, /auth/login, 451